cell_id,peak_id,global_x,global_y,intensity,cell_area
1,1,808,214,181,20229.0
1,2,854,210,164,20229.0
1,3,872,198,158,20229.0
1,4,882,212,157,20229.0
1,5,854,238,153,20229.0
1,6,788,174,152,20229.0
1,7,836,150,148,20229.0
1,8,832,216,148,20229.0
1,9,774,160,139,20229.0
1,10,828,240,133,20229.0
1,11,752,216,130,20229.0
1,12,782,230,128,20229.0
1,13,748,210,121,20229.0
1,14,838,164,118,20229.0
1,15,824,228,117,20229.0
1,16,820,200,116,20229.0
1,17,842,238,116,20229.0
1,18,806,182,115,20229.0
1,19,832,202,115,20229.0
1,20,840,246,114,20229.0
1,21,818,170,113,20229.0
1,22,812,198,113,20229.0
1,23,808,204,113,20229.0
1,24,806,174,111,20229.0
1,25,842,222,111,20229.0
1,26,796,208,110,20229.0
1,27,800,226,110,20229.0
1,28,870,220,109,20229.0
1,29,818,244,109,20229.0
1,30,822,178,108,20229.0
1,31,820,184,108,20229.0
1,32,800,202,108,20229.0
1,33,844,208,108,20229.0
1,34,856,222,108,20229.0
1,35,806,158,107,20229.0
1,36,876,152,106,20229.0
1,37,798,166,106,20229.0
1,38,808,244,106,20229.0
1,39,848,196,105,20229.0
1,40,866,228,105,20229.0
1,41,798,238,105,20229.0
1,42,826,172,104,20229.0
1,43,832,180,104,20229.0
1,44,792,190,104,20229.0
1,45,842,202,104,20229.0
1,46,770,186,103,20229.0
1,47,834,188,103,20229.0
1,48,778,186,102,20229.0
1,49,840,188,102,20229.0
1,50,788,204,102,20229.0
1,51,836,174,101,20229.0
1,52,790,197,101,20229.0
1,53,798,160,100,20229.0
1,54,786,216,100,20229.0
1,55,786,150,99,20229.0
1,56,892,175,99,20229.0
1,57,846,180,98,20229.0
1,58,774,220,98,20229.0
1,59,854,184,94,20229.0
1,60,776,198,94,20229.0
1,61,818,150,93,20229.0
1,62,770,196,93,20229.0
1,63,776,210,93,20229.0
1,64,766,220,91,20229.0
1,65,806,140,90,20229.0
1,66,770,230,90,20229.0
1,67,800,146,89,20229.0
1,68,852,170,89,20229.0
1,69,812,150,88,20229.0
1,70,862,166,88,20229.0
1,71,766,204,88,20229.0
1,72,818,142,87,20229.0
1,73,758,204,87,20229.0
1,74,762,228,87,20229.0
1,75,862,177,86,20229.0
1,76,756,184,82,20229.0
1,77,884,226,82,20229.0
1,78,824,136,81,20229.0
1,79,756,172,80,20229.0
1,80,756,160,79,20229.0
1,81,752,178,79,20229.0
1,82,858,154,78,20229.0
1,83,872,170,78,20229.0
1,84,880,172,78,20229.0
1,85,746,196,78,20229.0
1,86,842,140,77,20229.0
1,87,754,230,75,20229.0
1,88,754,238,75,20229.0
1,89,820,274,72,20229.0
1,90,850,138,70,20229.0
1,91,860,146,70,20229.0
1,92,744,230,69,20229.0
1,93,873,256,65,20229.0
1,94,742,242,64,20229.0
1,95,842,268,60,20229.0
1,96,890,154,58,20229.0
1,97,754,260,54,20229.0
1,98,786,272,53,20229.0
1,99,792,272,53,20229.0
2,100,164,404,143,20576.0
2,101,142,422,141,20576.0
2,102,170,424,138,20576.0
2,103,192,380,124,20576.0
2,104,164,434,124,20576.0
2,105,158,426,123,20576.0
2,106,156,444,122,20576.0
2,107,192,458,116,20576.0
2,108,152,436,115,20576.0
2,109,182,374,114,20576.0
2,110,186,452,113,20576.0
2,111,168,444,112,20576.0
2,112,178,454,112,20576.0
2,113,202,462,112,20576.0
2,114,168,454,111,20576.0
2,115,160,460,111,20576.0
2,116,210,386,110,20576.0
2,117,160,454,110,20576.0
2,118,214,404,109,20576.0
2,119,180,446,109,20576.0
2,120,150,458,108,20576.0
2,121,242,416,107,20576.0
2,122,192,440,107,20576.0
2,123,138,442,106,20576.0
2,124,198,392,105,20576.0
2,125,192,398,105,20576.0
2,126,124,460,105,20576.0
2,127,170,358,104,20576.0
2,128,156,400,104,20576.0
2,129,122,402,104,20576.0
2,130,146,452,103,20576.0
2,131,138,374,102,20576.0
2,132,198,430,102,20576.0
2,133,228,460,102,20576.0
2,134,174,404,97,20576.0
2,135,154,408,97,20576.0
2,136,186,404,96,20576.0
2,137,234,428,96,20576.0
2,138,136,462,96,20576.0
2,139,210,442,95,20576.0
2,140,192,350,94,20576.0
2,141,204,404,94,20576.0
2,142,192,412,94,20576.0
2,143,234,454,94,20576.0
2,144,242,398,92,20576.0
2,145,136,362,91,20576.0
2,146,212,394,91,20576.0
2,147,228,402,90,20576.0
2,148,212,470,90,20576.0
2,149,186,363,89,20576.0
2,150,208,418,88,20576.0
2,151,122,428,88,20576.0
2,152,224,362,87,20576.0
2,153,184,396,87,20576.0
2,154,222,436,87,20576.0
2,155,220,460,87,20576.0
2,156,178,384,86,20576.0
2,157,176,390,86,20576.0
2,158,142,400,85,20576.0
2,159,122,414,85,20576.0
2,160,162,386,84,20576.0
2,161,258,410,83,20576.0
2,162,132,390,81,20576.0
2,163,202,350,80,20576.0
2,164,238,378,79,20576.0
2,165,246,386,79,20576.0
2,166,152,368,78,20576.0
2,167,233,442,78,20576.0
2,168,256,470,78,20576.0
2,169,240,386,77,20576.0
2,170,114,418,77,20576.0
2,171,200,358,76,20576.0
2,172,194,360,75,20576.0
2,173,216,374,75,20576.0
2,174,260,436,75,20576.0
2,175,118,446,75,20576.0
2,176,238,472,74,20576.0
2,177,150,358,73,20576.0
2,178,114,428,73,20576.0
2,179,250,428,73,20576.0
2,180,212,359,72,20576.0
2,181,164,368,72,20576.0
2,182,248,434,72,20576.0
2,183,234,344,71,20576.0
2,184,150,382,71,20576.0
2,185,118,386,71,20576.0
2,186,247,472,70,20576.0
2,187,156,352,69,20576.0
2,188,126,378,68,20576.0
2,189,248,462,67,20576.0
2,190,176,336,66,20576.0
2,191,172,346,66,20576.0
2,192,246,354,66,20576.0
2,193,108,394,66,20576.0
2,194,258,448,66,20576.0
2,195,168,336,64,20576.0
2,196,218,338,64,20576.0
2,197,106,454,64,20576.0
2,198,162,346,63,20576.0
2,199,111,406,63,20576.0
2,200,264,454,62,20576.0
2,201,116,376,60,20576.0
2,202,266,472,60,20576.0
2,203,256,372,59,20576.0
2,204,270,454,59,20576.0
2,205,98,412,57,20576.0
2,206,96,417,57,20576.0
2,207,124,356,54,20576.0
3,208,1024,520,220,26549.0
3,209,1062,496,208,26549.0
3,210,992,552,187,26549.0
3,211,1044,452,179,26549.0
3,212,1072,418,177,26549.0
3,213,1044,478,137,26549.0
3,214,1042,490,133,26549.0
3,215,1046,504,133,26549.0
3,216,1060,470,130,26549.0
3,217,1042,496,130,26549.0
3,218,1029,494,129,26549.0
3,219,1040,508,129,26549.0
3,220,1052,476,128,26549.0
3,221,1030,504,127,26549.0
3,222,1056,454,125,26549.0
3,223,1052,466,125,26549.0
3,224,990,472,125,26549.0
3,225,998,480,124,26549.0
3,226,1014,484,124,26549.0
3,227,1012,506,120,26549.0
3,228,1060,516,120,26549.0
3,229,1036,468,119,26549.0
3,230,1078,470,119,26549.0
3,231,1070,512,119,26549.0
3,232,1010,496,118,26549.0
3,233,1006,512,118,26549.0
3,234,1086,506,117,26549.0
3,235,1042,520,117,26549.0
3,236,1012,462,116,26549.0
3,237,1078,480,116,26549.0
3,238,1020,440,115,26549.0
3,239,996,444,115,26549.0
3,240,1050,524,115,26549.0
3,241,1058,524,115,26549.0
3,242,1000,500,114,26549.0
3,243,1078,516,114,26549.0
3,244,1068,460,113,26549.0
3,245,1070,522,112,26549.0
3,246,1006,528,112,26549.0
3,247,1080,538,112,26549.0
3,248,1064,536,111,26549.0
3,249,992,492,109,26549.0
3,250,968,504,109,26549.0
3,251,1008,520,109,26549.0
3,252,1094,438,108,26549.0
3,253,1070,438,105,26549.0
3,254,1064,444,105,26549.0
3,255,1094,518,105,26549.0
3,256,1048,546,105,26549.0
3,257,1090,462,104,26549.0
3,258,1058,438,103,26549.0
3,259,1080,444,103,26549.0
3,260,1096,472,103,26549.0
3,261,1092,484,103,26549.0
3,262,1074,446,102,26549.0
3,263,1080,450,102,26549.0
3,264,1074,530,102,26549.0
3,265,1060,560,102,26549.0
3,266,1054,424,101,26549.0
3,267,1050,436,101,26549.0
3,268,1014,452,101,26549.0
3,269,996,528,101,26549.0
3,270,1072,548,101,26549.0
3,271,1064,428,100,26549.0
3,272,1076,430,100,26549.0
3,273,1086,452,100,26549.0
3,274,1096,530,100,26549.0
3,275,1056,546,100,26549.0
3,276,986,528,99,26549.0
3,277,1034,548,99,26549.0
3,278,1010,550,98,26549.0
3,279,991,540,97,26549.0
3,280,1004,550,97,26549.0
3,281,1086,428,96,26549.0
3,282,1100,462,96,26549.0
3,283,1020,554,96,26549.0
3,284,1026,430,95,26549.0
3,285,1000,460,95,26549.0
3,286,1108,510,95,26549.0
3,287,984,516,95,26549.0
3,288,1036,554,95,26549.0
3,289,1084,548,94,26549.0
3,290,1098,548,94,26549.0
3,291,1000,454,93,26549.0
3,292,1100,538,93,26549.0
3,293,1090,552,93,26549.0
3,294,1034,560,93,26549.0
3,295,1070,564,93,26549.0
3,296,1034,430,92,26549.0
3,297,980,496,92,26549.0
3,298,978,514,92,26549.0
3,299,1040,560,92,26549.0
3,300,1018,562,92,26549.0
3,301,1056,572,92,26549.0
3,302,1068,572,92,26549.0
3,303,1040,428,91,26549.0
3,304,1006,444,91,26549.0
3,305,1110,464,91,26549.0
3,306,980,504,91,26549.0
3,307,1106,484,90,26549.0
3,308,1108,524,90,26549.0
3,309,1084,556,90,26549.0
3,310,1020,586,90,26549.0
3,311,976,482,89,26549.0
3,312,1016,568,89,26549.0
3,313,1012,574,89,26549.0
3,314,1038,574,89,26549.0
3,315,1052,416,88,26549.0
3,316,1106,444,88,26549.0
3,317,1110,478,88,26549.0
3,318,1028,422,87,26549.0
3,319,1076,558,87,26549.0
3,320,1110,500,86,26549.0
3,321,1114,534,86,26549.0
3,322,1038,418,85,26549.0
3,323,1020,574,85,26549.0
3,324,1045,574,85,26549.0
3,325,1116,472,84,26549.0
3,326,1126,512,84,26549.0
3,327,976,534,84,26549.0
3,328,1018,580,84,26549.0
3,329,1112,446,83,26549.0
3,330,1002,568,83,26549.0
3,331,1106,434,82,26549.0
3,332,1118,514,82,26549.0
3,333,972,540,82,26549.0
3,334,1028,580,82,26549.0
3,335,1052,583,82,26549.0
3,336,1032,586,82,26549.0
3,337,1120,520,81,26549.0
3,338,1028,572,81,26549.0
3,339,998,576,81,26549.0
3,340,1122,442,79,26549.0
3,341,1024,412,78,26549.0
3,342,1122,472,78,26549.0
3,343,1090,412,77,26549.0
3,344,999,426,76,26549.0
3,345,1126,464,76,26549.0
3,346,958,542,76,26549.0
3,347,1110,422,75,26549.0
3,348,1012,426,75,26549.0
3,349,980,562,75,26549.0
3,350,986,578,74,26549.0
3,351,1032,408,72,26549.0
3,352,1006,426,72,26549.0
3,353,962,488,71,26549.0
3,354,958,496,71,26549.0
3,355,966,550,71,26549.0
3,356,1128,450,69,26549.0
3,357,954,514,69,26549.0
3,358,964,566,69,26549.0
3,359,956,530,67,26549.0
3,360,970,460,65,26549.0
3,361,953,550,64,26549.0
3,362,954,476,63,26549.0
3,363,974,446,61,26549.0
4,364,830,712,179,22505.0
4,365,808,710,157,22505.0
4,366,786,712,140,22505.0
4,367,742,754,138,22505.0
4,368,815,716,137,22505.0
4,369,776,742,137,22505.0
4,370,800,704,136,22505.0
4,371,744,696,134,22505.0
4,372,752,754,133,22505.0
4,373,762,704,130,22505.0
4,374,762,664,129,22505.0
4,375,756,710,129,22505.0
4,376,786,770,129,22505.0
4,377,768,704,128,22505.0
4,378,786,726,126,22505.0
4,379,770,690,125,22505.0
4,380,764,692,125,22505.0
4,381,766,726,125,22505.0
4,382,762,698,123,22505.0
4,383,764,718,122,22505.0
4,384,776,726,122,22505.0
4,385,776,760,122,22505.0
4,386,784,702,121,22505.0
4,387,784,738,121,22505.0
4,388,794,798,121,22505.0
4,389,756,686,120,22505.0
4,390,814,726,120,22505.0
4,391,774,684,118,22505.0
4,392,788,748,118,22505.0
4,393,820,688,116,22505.0
4,394,772,696,116,22505.0
4,395,736,710,115,22505.0
4,396,794,720,114,22505.0
4,397,796,736,113,22505.0
4,398,818,740,113,22505.0
4,399,746,726,111,22505.0
4,400,756,732,111,22505.0
4,401,790,756,111,22505.0
4,402,796,766,111,22505.0
4,403,788,692,110,22505.0
4,404,796,692,110,22505.0
4,405,804,736,110,22505.0
4,406,768,674,109,22505.0
4,407,804,724,107,22505.0
4,408,756,740,107,22505.0
4,409,766,756,105,22505.0
4,410,742,764,105,22505.0
4,411,754,674,104,22505.0
4,412,788,686,104,22505.0
4,413,738,722,103,22505.0
4,414,794,664,102,22505.0
4,415,762,766,102,22505.0
4,416,766,772,102,22505.0
4,417,814,768,101,22505.0
4,418,786,676,100,22505.0
4,419,804,676,100,22505.0
4,420,782,662,99,22505.0
4,421,796,670,99,22505.0
4,422,800,652,98,22505.0
4,423,772,660,98,22505.0
4,424,798,682,98,22505.0
4,425,828,743,98,22505.0
4,426,734,788,98,22505.0
4,427,814,698,97,22505.0
4,428,758,652,95,22505.0
4,429,784,654,95,22505.0
4,430,814,672,95,22505.0
4,431,730,738,95,22505.0
4,432,726,744,94,22505.0
4,433,810,778,94,22505.0
4,434,730,752,93,22505.0
4,435,832,756,93,22505.0
4,436,750,770,93,22505.0
4,437,804,660,92,22505.0
4,438,809,684,92,22505.0
4,439,734,744,92,22505.0
4,440,756,782,92,22505.0
4,441,764,788,92,22505.0
4,442,728,788,91,22505.0
4,443,742,670,90,22505.0
4,444,780,794,90,22505.0
4,445,832,730,89,22505.0
4,446,844,722,88,22505.0
4,447,838,736,88,22505.0
4,448,762,782,88,22505.0
4,449,802,782,88,22505.0
4,450,838,696,87,22505.0
4,451,774,814,87,22505.0
4,452,722,720,85,22505.0
4,453,732,772,84,22505.0
4,454,774,786,84,22505.0
4,455,770,794,84,22505.0
4,456,744,784,83,22505.0
4,457,752,794,82,22505.0
4,458,772,640,80,22505.0
4,459,824,676,79,22505.0
4,460,792,636,77,22505.0
4,461,806,794,77,22505.0
4,462,782,632,76,22505.0
4,463,746,800,76,22505.0
4,464,764,802,76,22505.0
4,465,834,668,74,22505.0
4,466,822,654,73,22505.0
4,467,826,666,73,22505.0
4,468,758,636,72,22505.0
4,469,838,682,71,22505.0
4,470,848,756,69,22505.0
4,471,826,646,66,22505.0
4,472,810,806,64,22505.0
4,473,748,810,64,22505.0
4,474,850,704,62,22505.0
