peak_id,global_x,global_y,intensity_mean,intensity_peak,foci_radius_pixels,foci_area_approx,cell_area
1,869,22,0.47,0.55698615,6.13,117.98,4909
2,859,0,0.36,0.41728178,2.83,25.13,4909
3,896,46,0.28,0.31890044,4.71,69.81,4909
4,885,50,0.29,0.31484532,3.3,34.21,4909
5,1374,90,0.26,0.2804836,3.3,34.21,3874
6,234,98,0.41,0.45726207,3.3,34.21,8324
7,220,99,0.33,0.35115418,7.07,157.08,8324
8,282,74,0.43,0.4634026,3.3,34.21,8324
9,261,91,0.44,0.46719563,3.3,34.21,8324
10,233,38,0.27,0.29274538,3.77,44.68,8324
11,207,83,0.29,0.32118326,4.71,69.81,8324
12,269,114,0.33,0.3387852,5.19,84.47,8324
13,247,102,0.37,0.40108314,2.83,25.13,8324
14,276,101,0.38,0.40096337,3.3,34.21,8324
15,289,97,0.37,0.38371596,7.07,157.08,8324
16,250,74,0.42,0.42218605,7.07,157.08,8324
17,308,60,0.28,0.30050606,3.3,34.21,8324
18,301,71,0.34,0.34755376,7.07,157.08,8324
19,298,95,0.34,0.36473495,7.07,157.08,8324
20,262,73,0.42,0.40356466,7.07,157.08,8324
21,0,86,0.31,0.33651316,3.77,44.68,4706
22,13,51,0.34,0.36829638,2.83,25.13,4706
23,27,75,0.35,0.35740185,7.07,157.08,4706
24,59,75,0.33,0.3540744,2.83,25.13,4706
25,1052,124,0.46,0.5138946,3.3,34.21,4482
26,1068,93,0.36,0.46283704,7.07,157.08,4482
27,1068,147,0.3,0.3277822,3.3,34.21,4482
28,1021,87,0.33,0.34297362,7.07,157.08,4482
29,1040,141,0.31,0.31480125,7.07,157.08,4482
30,1075,133,0.27,0.29950944,4.71,69.81,4482
31,1016,107,0.3,0.32069445,2.83,25.13,4482
32,1029,96,0.38,0.3998309,3.3,34.21,4482
33,1061,97,0.39,0.41237873,2.83,25.13,4482
34,1065,112,0.35,0.37478518,6.13,117.98,4482
35,777,136,0.24,0.2713319,3.3,34.21,3667
36,999,165,0.26,0.29661995,3.3,34.21,4657
37,994,191,0.28,0.30630553,3.3,34.21,4657
38,568,193,0.38,0.4049474,2.83,25.13,7612
39,588,206,0.4,0.4296056,3.77,44.68,7612
40,599,181,0.34,0.37291503,7.07,157.08,7612
41,621,220,0.29,0.30424216,7.07,157.08,7612
42,569,213,0.38,0.40266493,3.3,34.21,7612
43,551,232,0.28,0.28966814,7.07,157.08,7612
44,565,244,0.28,0.28376886,7.07,157.08,7612
45,593,162,0.26,0.28233227,2.83,25.13,7612
46,630,185,0.27,0.2863983,5.66,100.53,7612
47,636,194,0.26,0.2733612,2.83,25.13,7612
48,1202,179,0.27,0.30373812,7.07,157.08,4023
49,1190,163,0.25,0.27725148,2.83,25.13,4023
50,1202,196,0.29,0.30922353,3.3,34.21,4023
51,1172,186,0.31,0.32701728,2.83,25.13,4023
52,213,243,0.6,0.64818174,3.3,34.21,8861
53,207,202,0.49,0.5539503,4.24,56.55,8861
54,213,221,0.57,0.608392,3.3,34.21,8861
55,194,266,0.4,0.45480245,6.13,117.98,8861
56,170,188,0.32,0.368087,4.71,69.81,8861
57,185,187,0.38,0.41575956,2.83,25.13,8861
58,223,219,0.51,0.53739125,3.3,34.21,8861
59,217,264,0.45,0.49034947,7.07,157.08,8861
60,187,210,0.45,0.4695183,3.3,34.21,8861
61,184,239,0.42,0.4632395,7.07,157.08,8861
62,196,190,0.36,0.39179054,2.83,25.13,8861
63,228,254,0.5,0.5234942,4.24,56.55,8861
64,213,230,0.55,0.5718226,3.3,34.21,8861
65,227,271,0.39,0.4233729,4.71,69.81,8861
66,219,234,0.52,0.5380837,7.07,157.08,8861
67,259,249,0.33,0.34617695,4.24,56.55,8861
68,238,238,0.43,0.47201863,5.66,100.53,8861
69,255,233,0.33,0.35363498,2.83,25.13,8861
70,254,253,0.34,0.35958502,6.13,117.98,8861
71,201,253,0.44,0.4561138,3.3,34.21,8861
72,202,274,0.35,0.38482404,4.71,69.81,8861
73,230,203,0.34,0.36493853,5.66,100.53,8861
74,212,191,0.32,0.3388425,3.77,44.68,8861
75,1349,265,0.36,0.37853032,7.07,157.08,3433
76,1340,242,0.29,0.32129216,5.66,100.53,3433
77,1375,237,0.22,0.24758115,3.3,34.21,3433
78,1326,263,0.27,0.29977253,3.77,44.68,3433
79,419,274,0.26,0.2896126,4.71,69.81,4550
80,445,288,0.27,0.3046528,4.24,56.55,4550
81,457,267,0.24,0.26295793,3.3,34.21,4550
82,415,314,0.23,0.26069388,4.71,69.81,4550
83,464,303,0.24,0.2553081,3.3,34.21,4550
84,434,273,0.26,0.2868392,3.77,44.68,4550
85,891,285,0.28,0.29841715,3.77,44.68,3439
86,1204,275,0.24,0.26835698,4.24,56.55,4098
87,1186,283,0.29,0.31055865,3.3,34.21,4098
88,1151,295,0.28,0.32193115,7.07,157.08,4098
89,1170,302,0.26,0.28460875,7.07,157.08,4098
90,643,288,0.25,0.26240328,7.07,157.08,4463
91,653,312,0.3,0.32019976,7.07,157.08,4463
92,695,305,0.29,0.3111804,2.83,25.13,4463
93,668,290,0.27,0.28408986,7.07,157.08,4463
94,364,349,0.35,0.37699056,4.24,56.55,3905
95,350,334,0.32,0.3556451,7.07,157.08,3905
96,328,323,0.32,0.35577384,2.83,25.13,3905
97,315,334,0.3,0.33798027,4.71,69.81,3905
98,326,373,0.28,0.2834793,6.13,117.98,3905
99,353,376,0.29,0.31791016,3.3,34.21,3905
100,837,356,0.36,0.4018257,3.77,44.68,3636
101,866,362,0.28,0.32309672,5.66,100.53,3636
102,821,331,0.28,0.3153489,7.07,157.08,3636
103,571,388,0.42,0.47148117,7.07,157.08,4410
104,549,393,0.39,0.4378155,5.19,84.47,4410
105,561,409,0.48,0.48949787,7.07,157.08,4410
106,581,411,0.43,0.47309902,7.07,157.08,4410
107,585,429,0.32,0.32548353,7.07,157.08,4410
108,565,431,0.35,0.3527984,7.07,157.08,4410
109,572,412,0.49,0.5079367,3.3,34.21,4410
110,641,415,0.28,0.31111255,5.66,100.53,3925
111,658,413,0.26,0.27121747,3.3,34.21,3925
112,620,436,0.25,0.26092026,5.66,100.53,3925
113,50,447,0.32,0.34464785,3.3,34.21,4146
114,33,476,0.27,0.26915354,7.07,157.08,4146
115,34,447,0.28,0.2989645,2.83,25.13,4146
116,62,427,0.24,0.27520576,6.13,117.98,4146
117,1120,463,0.28,0.31021065,3.3,34.21,3963
118,1117,474,0.29,0.31890723,5.66,100.53,3963
119,1107,451,0.27,0.3137626,4.71,69.81,3963
120,1084,472,0.31,0.34320733,3.77,44.68,3963
121,1076,453,0.29,0.3000666,7.07,157.08,3963
122,1085,499,0.26,0.266217,7.07,157.08,3963
123,1104,495,0.29,0.28851286,7.07,157.08,3963
124,926,492,0.24,0.26224193,4.24,56.55,3294
125,661,511,0.4,0.4393822,3.77,44.68,8814
126,675,544,0.32,0.32519078,7.07,157.08,8814
127,636,546,0.36,0.36912927,7.07,157.08,8814
128,1242,528,0.26,0.28773227,3.3,34.21,3877
129,67,576,0.31,0.3555458,4.24,56.55,4248
130,82,566,0.4,0.43487433,3.3,34.21,4248
131,114,573,0.32,0.33491433,7.07,157.08,4248
132,87,550,0.36,0.38475713,3.3,34.21,4248
133,113,536,0.29,0.29588255,7.07,157.08,4248
134,1145,570,0.26,0.2787272,2.83,25.13,7414
135,1099,572,0.27,0.30378813,7.07,157.08,7414
136,1107,574,0.29,0.31703198,4.71,69.81,7414
137,265,635,0.42,0.45405108,4.24,56.55,13302
138,352,634,0.34,0.3866773,3.77,44.68,13302
139,329,713,0.35,0.3880582,3.77,44.68,13302
140,284,670,0.45,0.47809508,3.3,34.21,13302
141,315,684,0.45,0.47515982,4.71,69.81,13302
142,305,666,0.47,0.4939111,2.83,25.13,13302
143,318,595,0.29,0.32336304,4.71,69.81,13302
144,297,597,0.3,0.31698412,7.07,157.08,13302
145,334,691,0.39,0.4312051,5.66,100.53,13302
146,348,621,0.29,0.31766406,6.13,117.98,13302
147,338,663,0.43,0.48261085,7.07,157.08,13302
148,356,693,0.29,0.30816355,3.3,34.21,13302
149,313,654,0.47,0.49453384,4.71,69.81,13302
150,279,642,0.43,0.4570616,7.07,157.08,13302
151,300,636,0.45,0.47744504,2.83,25.13,13302
152,250,632,0.3,0.3247146,4.24,56.55,13302
153,356,657,0.33,0.35395896,4.71,69.81,13302
154,310,622,0.39,0.4192172,2.83,25.13,13302
155,345,708,0.28,0.3099243,6.13,117.98,13302
156,793,648,0.23,0.24824497,3.3,34.21,3455
157,1184,658,0.25,0.28237388,4.71,69.81,3841
158,1167,640,0.3,0.33074638,4.71,69.81,3841
159,1180,668,0.23,0.25215393,3.3,34.21,3841
160,0,676,0.22,0.26052678,2.83,25.13,3177
161,865,683,0.41,0.4634507,3.3,34.21,5098
162,877,691,0.32,0.3773529,3.77,44.68,5098
163,866,710,0.25,0.27808353,3.3,34.21,5098
164,855,686,0.31,0.33784804,2.83,25.13,5098
165,835,722,0.21,0.22919352,3.3,34.21,5098
166,630,687,0.43,0.4760252,7.07,157.08,4982
167,597,680,0.34,0.3761977,7.07,157.08,4982
168,638,671,0.34,0.3853877,7.07,157.08,4982
169,643,702,0.3,0.31374303,7.07,157.08,4982
170,451,691,0.27,0.3136845,7.07,157.08,5678
171,469,725,0.25,0.27766877,2.83,25.13,5678
172,471,690,0.28,0.30111247,3.3,34.21,5678
173,269,748,0.44,0.46967632,3.3,34.21,12425
174,252,747,0.43,0.4758256,6.13,117.98,12425
175,232,770,0.37,0.39426768,2.83,25.13,12425
176,236,772,0.36,0.37322876,4.71,69.81,12425
177,270,785,0.26,0.2950827,7.07,157.08,12425
178,223,750,0.37,0.38954383,7.07,157.08,12425
179,1124,776,0.26,0.27633542,3.3,34.21,5263
180,1098,773,0.22,0.24505328,2.83,25.13,5263
181,1111,774,0.25,0.27474812,4.24,56.55,5263
182,622,751,0.29,0.30925453,3.3,34.21,4675
183,1019,787,0.85,0.9999813,7.07,157.08,3437
184,992,776,0.45,0.53481954,7.07,157.08,3437
185,967,760,0.37,0.42397693,2.83,25.13,3437
186,997,810,0.32,0.3489805,5.66,100.53,3437
187,999,795,0.42,0.44397366,2.83,25.13,3437
188,973,801,0.31,0.32877025,7.07,157.08,3437
189,1221,851,0.38,0.4213851,3.3,34.21,3451
190,1231,816,0.26,0.2986952,2.83,25.13,3451
191,1261,832,0.21,0.23296836,2.83,25.13,3451
192,1206,847,0.26,0.28276345,3.3,34.21,3451
193,1232,838,0.28,0.29038742,3.3,34.21,3451
194,1230,852,0.31,0.33606815,2.83,25.13,3451
195,1248,857,0.23,0.22923568,7.07,157.08,3451
196,399,911,0.3,0.32315382,3.3,34.21,4283
197,431,926,0.32,0.3432384,3.3,34.21,4283
198,442,901,0.25,0.27095833,3.3,34.21,4283
199,407,903,0.27,0.33178738,7.07,157.08,4283
200,434,888,0.22,0.24488962,4.24,56.55,4283
201,418,883,0.24,0.25643477,3.77,44.68,4283
202,435,915,0.28,0.30775633,7.07,157.08,4283
203,420,923,0.3,0.323139,2.83,25.13,4283
204,390,930,0.24,0.27004924,2.83,25.13,4283
205,522,948,0.32,0.37313563,5.19,84.47,4095
206,1199,981,0.86,1.0,6.13,117.98,4778
207,1110,956,0.63,0.8721462,2.83,25.13,4778
208,1110,966,0.54,0.7759324,2.83,25.13,4778
209,1164,956,0.7,0.88623,2.83,25.13,4778
210,1180,965,0.58,0.7966405,2.83,25.13,4778
211,1111,950,0.53,0.79213214,2.83,25.13,4778
212,1148,967,0.77,0.91080725,3.3,34.21,4778
213,1124,953,0.55,0.79424983,2.83,25.13,4778
214,1171,965,0.61,0.8079025,2.83,25.13,4778
215,1156,966,0.7,0.90734756,2.83,25.13,4778
216,1147,956,0.64,0.85197866,2.83,25.13,4778
217,1115,967,0.5,0.75000435,2.83,25.13,4778
218,1163,966,0.61,0.83592945,2.83,25.13,4778
219,1126,967,0.51,0.75205135,2.83,25.13,4778
220,1133,961,0.58,0.80465555,2.83,25.13,4778
221,1133,956,0.59,0.8088784,2.83,25.13,4778
222,1116,949,0.43,0.67376745,2.83,25.13,4778
223,1156,956,0.63,0.82921326,2.83,25.13,4778
224,1130,967,0.52,0.75003445,2.83,25.13,4778
225,1132,965,0.56,0.7738624,2.83,25.13,4778
226,1130,950,0.54,0.7657896,2.83,25.13,4778
227,1117,957,0.54,0.7923684,2.83,25.13,4778
228,1121,961,0.56,0.38923022,5.19,84.47,4778
229,1175,957,0.52,0.36297128,7.07,157.08,4778
230,1156,993,0.31,0.3374444,2.83,25.13,4778
231,1139,934,0.25,0.26933303,7.07,157.08,4778
232,1041,981,0.98,1.0,3.77,44.68,150
233,1052,981,0.99,1.0,3.77,44.68,209
234,1067,981,0.99,1.0,3.77,44.68,209
235,1080,981,0.99,1.0,3.77,44.68,187
236,1092,981,0.99,1.0,3.77,44.68,308
237,1219,981,0.99,1.0,3.77,44.68,198
238,1202,981,0.99,1.0,3.77,44.68,198
239,1248,981,0.98,1.0,3.77,44.68,350
240,1239,981,0.99,1.0,3.77,44.68,350
241,1233,981,0.99,1.0,3.77,44.68,350
