peak_id,peak_x,peak_y,intensity
1,1024,520,220
2,1062,496,208
3,992,552,187
4,808,214,181
5,1044,452,179
6,830,712,179
7,1072,418,177
8,854,210,164
9,872,198,158
10,882,212,157
11,808,710,157
12,854,238,153
13,788,174,152
14,836,150,148
15,832,216,148
16,164,404,143
17,142,422,141
18,786,712,140
19,774,160,139
20,170,424,138
21,742,754,138
22,1044,478,137
23,815,716,137
24,776,742,137
25,800,704,136
26,744,696,134
27,828,240,133
28,1042,490,133
29,1046,504,133
30,752,754,133
31,752,216,130
32,1060,470,130
33,1042,496,130
34,762,704,130
35,1029,494,129
36,1040,508,129
37,762,664,129
38,756,710,129
39,786,770,129
40,782,230,128
41,1052,476,128
42,768,704,128
43,1030,504,127
44,786,726,126
45,1056,454,125
46,1052,466,125
47,990,472,125
48,770,690,125
49,764,692,125
50,766,726,125
51,192,380,124
52,164,434,124
53,998,480,124
54,1014,484,124
55,158,426,123
56,762,698,123
57,156,444,122
58,764,718,122
59,776,726,122
60,776,760,122
61,748,210,121
62,784,702,121
63,784,738,121
64,794,798,121
65,1012,506,120
66,1060,516,120
67,756,686,120
68,814,726,120
69,1036,468,119
70,1078,470,119
71,1070,512,119
72,838,164,118
73,1010,496,118
74,1006,512,118
75,774,684,118
76,788,748,118
77,824,228,117
78,1086,506,117
79,1042,520,117
80,820,200,116
81,842,238,116
82,192,458,116
83,1012,462,116
84,1078,480,116
85,820,688,116
86,772,696,116
87,806,182,115
88,832,202,115
89,152,436,115
90,1020,440,115
91,996,444,115
92,1050,524,115
93,1058,524,115
94,736,710,115
95,840,246,114
96,182,374,114
97,1000,500,114
98,1078,516,114
99,794,720,114
100,818,170,113
101,812,198,113
102,808,204,113
103,186,452,113
104,1068,460,113
105,796,736,113
106,818,740,113
107,168,444,112
108,178,454,112
109,202,462,112
110,1070,522,112
111,1006,528,112
112,1080,538,112
113,806,174,111
114,842,222,111
115,168,454,111
116,160,460,111
117,1064,536,111
118,746,726,111
119,756,732,111
120,790,756,111
121,796,766,111
122,796,208,110
123,800,226,110
124,210,386,110
125,160,454,110
126,788,692,110
127,796,692,110
128,804,736,110
129,870,220,109
130,818,244,109
131,214,404,109
132,180,446,109
133,992,492,109
134,968,504,109
135,1008,520,109
136,768,674,109
137,822,178,108
138,820,184,108
139,800,202,108
140,844,208,108
141,856,222,108
142,1094,438,108
143,150,458,108
144,806,158,107
145,242,416,107
146,192,440,107
147,804,724,107
148,756,740,107
149,876,152,106
150,798,166,106
151,808,244,106
152,138,442,106
153,848,196,105
154,866,228,105
155,798,238,105
156,198,392,105
157,192,398,105
158,1070,438,105
159,1064,444,105
160,124,460,105
161,1094,518,105
162,1048,546,105
163,766,756,105
164,742,764,105
165,826,172,104
166,832,180,104
167,792,190,104
168,842,202,104
169,170,358,104
170,156,400,104
171,122,402,104
172,1090,462,104
173,754,674,104
174,788,686,104
175,770,186,103
176,834,188,103
177,1058,438,103
178,1080,444,103
179,146,452,103
180,1096,472,103
181,1092,484,103
182,738,722,103
183,778,186,102
184,840,188,102
185,788,204,102
186,138,374,102
187,198,430,102
188,1074,446,102
189,1080,450,102
190,228,460,102
191,1074,530,102
192,1060,560,102
193,794,664,102
194,762,766,102
195,766,772,102
196,836,174,101
197,790,197,101
198,1054,424,101
199,1050,436,101
200,1014,452,101
201,996,528,101
202,1072,548,101
203,814,768,101
204,798,160,100
205,786,216,100
206,1064,428,100
207,1076,430,100
208,1086,452,100
209,1096,530,100
210,1056,546,100
211,786,676,100
212,804,676,100
213,786,150,99
214,892,175,99
215,172,324,99
216,986,528,99
217,1034,548,99
218,782,662,99
219,796,670,99
220,846,180,98
221,774,220,98
222,1010,550,98
223,800,652,98
224,772,660,98
225,798,682,98
226,828,743,98
227,734,788,98
228,174,404,97
229,154,408,97
230,991,540,97
231,1004,550,97
232,814,698,97
233,186,404,96
234,234,428,96
235,1086,428,96
236,136,462,96
237,1100,462,96
238,1020,554,96
239,1026,430,95
240,210,442,95
241,1000,460,95
242,1108,510,95
243,984,516,95
244,1036,554,95
245,758,652,95
246,784,654,95
247,814,672,95
248,730,738,95
249,854,184,94
250,776,198,94
251,192,350,94
252,204,404,94
253,192,412,94
254,234,454,94
255,1084,548,94
256,1098,548,94
257,726,744,94
258,810,778,94
259,818,150,93
260,770,196,93
261,776,210,93
262,1000,454,93
263,1100,538,93
264,1090,552,93
265,1034,560,93
266,1070,564,93
267,730,752,93
268,832,756,93
269,750,770,93
270,242,398,92
271,1034,430,92
272,980,496,92
273,978,514,92
274,1040,560,92
275,1018,562,92
276,1056,572,92
277,1068,572,92
278,804,660,92
279,809,684,92
280,734,744,92
281,756,782,92
282,764,788,92
283,766,220,91
284,136,362,91
285,212,394,91
286,1040,428,91
287,1006,444,91
288,1110,464,91
289,980,504,91
290,728,788,91
291,806,140,90
292,770,230,90
293,228,402,90
294,212,470,90
295,1106,484,90
296,1108,524,90
297,1084,556,90
298,1020,586,90
299,742,670,90
300,780,794,90
301,800,146,89
302,852,170,89
303,186,363,89
304,976,482,89
305,1016,568,89
306,1012,574,89
307,1038,574,89
308,832,730,89
309,812,150,88
310,862,166,88
311,766,204,88
312,1052,416,88
313,208,418,88
314,122,428,88
315,1106,444,88
316,1110,478,88
317,844,722,88
318,838,736,88
319,762,782,88
320,802,782,88
321,818,142,87
322,758,204,87
323,762,228,87
324,224,362,87
325,184,396,87
326,1028,422,87
327,222,436,87
328,220,460,87
329,1076,558,87
330,838,696,87
331,774,814,87
332,862,177,86
333,178,384,86
334,176,390,86
335,1110,500,86
336,1114,534,86
337,142,400,85
338,122,414,85
339,1038,418,85
340,1020,574,85
341,1045,574,85
342,722,720,85
343,162,386,84
344,1116,472,84
345,1126,512,84
346,976,534,84
347,1018,580,84
348,732,772,84
349,774,786,84
350,770,794,84
351,258,410,83
352,1112,446,83
353,1002,568,83
354,744,784,83
355,756,184,82
356,884,226,82
357,1106,434,82
358,1118,514,82
359,972,540,82
360,1028,580,82
361,1052,583,82
362,1032,586,82
363,752,794,82
364,824,136,81
365,132,390,81
366,1120,520,81
367,1028,572,81
368,998,576,81
369,756,172,80
370,202,350,80
371,772,640,80
372,756,160,79
373,752,178,79
374,238,378,79
375,246,386,79
376,1056,406,79
377,1122,442,79
378,824,676,79
379,858,154,78
380,872,170,78
381,880,172,78
382,746,196,78
383,152,368,78
384,1024,412,78
385,233,442,78
386,256,470,78
387,1122,472,78
388,1130,476,78
389,842,140,77
390,240,386,77
391,1090,412,77
392,114,418,77
393,792,636,77
394,806,794,77
395,200,358,76
396,999,426,76
397,1126,464,76
398,958,542,76
399,1010,589,76
400,782,632,76
401,746,800,76
402,764,802,76
403,754,230,75
404,754,238,75
405,216,324,75
406,194,360,75
407,216,374,75
408,1110,422,75
409,1012,426,75
410,260,436,75
411,118,446,75
412,980,562,75
413,238,472,74
414,986,578,74
415,1002,588,74
416,834,668,74
417,150,358,73
418,114,428,73
419,250,428,73
420,995,588,73
421,822,654,73
422,826,666,73
423,820,274,72
424,212,359,72
425,164,368,72
426,1032,408,72
427,1006,426,72
428,248,434,72
429,244,478,72
430,758,636,72
431,234,344,71
432,150,382,71
433,118,386,71
434,1132,486,71
435,962,488,71
436,958,496,71
437,966,550,71
438,838,682,71
439,850,138,70
440,860,146,70
441,247,472,70
442,744,230,69
443,156,352,69
444,1128,450,69
445,954,514,69
446,964,566,69
447,848,756,69
448,126,378,68
449,948,504,68
450,248,462,67
451,956,530,67
452,176,336,66
453,172,346,66
454,246,354,66
455,108,394,66
456,258,448,66
457,826,646,66
458,900,208,65
459,873,256,65
460,970,460,65
461,742,242,64
462,168,336,64
463,218,338,64
464,106,454,64
465,953,550,64
466,858,722,64
467,810,806,64
468,748,810,64
469,162,346,63
470,111,406,63
471,954,476,63
472,264,454,62
473,946,522,62
474,850,704,62
475,732,198,61
476,900,200,61
477,974,446,61
478,842,268,60
479,116,376,60
480,266,472,60
481,256,372,59
482,270,454,59
483,890,154,58
484,272,460,58
485,98,412,57
486,96,417,57
487,754,260,54
488,800,278,54
489,124,356,54
490,786,272,53
491,792,272,53
492,792,278,50
