experiment;cell_id;peak_id;cell_intensity_mean;foci_intensity_peak;foci_intensity_mean_disk;foci_radius;signal_to_cell_ratio;foci_x;foci_y;cell_area
Ex 3 day 09;1;1;0,1783;3,9213;2,8477;3,3000;21,9900;401;29;3940
Ex 3 day 09;1;2;0,1783;2,9972;2,1612;3,3000;16,8100;386;14;3940
Ex 3 day 09;1;3;0,1783;2,7346;2,2590;2,8300;15,3400;440;12;3940
Ex 3 day 09;1;4;0,1783;2,0910;1,4423;3,3000;11,7300;403;11;3940
Ex 3 day 09;1;5;0,1783;2,1541;1,6611;3,7700;12,0800;406;46;3940
Ex 3 day 09;1;6;0,1783;1,8293;1,4278;2,8300;10,2600;436;23;3940
Ex 3 day 09;1;7;0,1783;2,2496;1,7719;2,8300;12,6200;433;38;3940
Ex 3 day 09;1;8;0,1783;1,2378;1,3523;4,7100;6,9400;422;29;3940
Ex 3 day 09;2;9;0,1816;3,4118;2,6705;2,8300;18,7900;1097;46;3526
Ex 3 day 09;2;10;0,1816;2,5396;2,3280;2,8300;13,9900;1074;78;3526
Ex 3 day 09;2;11;0,1816;3,1139;2,5373;2,8300;17,1500;1067;53;3526
Ex 3 day 09;2;12;0,1816;2,7699;2,2497;2,8300;15,2600;1102;67;3526
Ex 3 day 09;2;13;0,1816;2,9370;2,1397;2,8300;16,1800;1083;70;3526
Ex 3 day 09;2;14;0,1816;2,3825;1,9332;2,8300;13,1200;1079;55;3526
Ex 3 day 09;2;15;0,1816;2,3488;1,8308;2,8300;12,9400;1064;92;3526
Ex 3 day 09;2;16;0,1816;0,9583;1,5195;4,2400;5,2800;1091;84;3526
Ex 3 day 09;2;17;0,1816;2,2798;1,8515;2,8300;12,5600;1057;65;3526
Ex 3 day 09;2;18;0,1816;1,6732;1,3995;2,8300;9,2200;1092;67;3526
Ex 3 day 09;3;19;0,1543;3,4399;3,0156;2,8300;22,2900;761;107;4367
Ex 3 day 09;3;20;0,1543;3,6302;3,1055;2,8300;23,5300;777;134;4367
Ex 3 day 09;3;21;0,1543;2,8624;2,4745;2,8300;18,5500;771;119;4367
Ex 3 day 09;3;22;0,1543;2,5229;1,6886;4,7100;16,3500;778;152;4367
Ex 3 day 09;3;23;0,1543;2,3285;2,0878;2,8300;15,0900;807;130;4367
Ex 3 day 09;4;24;0,1842;3,1011;2,4359;3,7700;16,8400;360;196;4552
Ex 3 day 09;4;25;0,1842;2,6821;1,6290;4,2400;14,5600;347;215;4552
Ex 3 day 09;4;26;0,1842;2,2863;1,5356;5,1900;12,4100;363;222;4552
Ex 3 day 09;4;27;0,1842;1,7702;1,4584;4,7100;9,6100;342;192;4552
Ex 3 day 09;4;28;0,1842;1,8520;1,7603;4,7100;10,0500;363;175;4552
Ex 3 day 09;4;29;0,1842;1,9164;1,6780;2,8300;10,4000;327;187;4552
Ex 3 day 09;4;30;0,1842;2,1149;1,5104;2,8300;11,4800;328;196;4552
Ex 3 day 09;5;31;0,1863;2,3783;1,9294;2,8300;12,7700;1047;198;3285
Ex 3 day 09;5;32;0,1863;2,4732;2,0471;2,8300;13,2800;1060;210;3285
Ex 3 day 09;5;33;0,1863;1,7908;1,5380;2,8300;9,6100;1047;229;3285
Ex 3 day 09;5;34;0,1863;1,7448;1,3662;3,3000;9,3700;1056;238;3285
Ex 3 day 09;5;35;0,1863;2,0962;1,7195;2,8300;11,2500;1059;201;3285
Ex 3 day 09;5;36;0,1863;1,9721;1,4729;2,8300;10,5900;1058;223;3285
Ex 3 day 09;5;37;0,1863;2,2872;1,8954;2,8300;12,2800;1046;215;3285
Ex 3 day 09;5;38;0,1863;2,3659;1,6449;3,3000;12,7000;1028;221;3285
Ex 3 day 09;6;39;0,0184;3,3202;2,5151;2,8300;180,5300;603;256;8496
Ex 3 day 09;6;40;0,0184;2,4313;2,0150;2,8300;132,2000;633;250;8496
Ex 3 day 09;6;41;0,0184;1,4728;1,1245;2,8300;80,0800;579;257;8496
Ex 3 day 09;6;42;0,0184;1,8252;1,4104;2,8300;99,2400;564;265;8496
Ex 3 day 09;6;43;0,0184;2,3455;1,7127;2,8300;127,5300;591;255;8496
Ex 3 day 09;6;44;0,0184;2,6060;1,8207;2,8300;141,6900;597;262;8496
Ex 3 day 09;6;45;0,0184;2,4453;1,8456;2,8300;132,9600;553;256;8496
Ex 3 day 09;6;46;0,0184;1,5453;1,1721;2,8300;84,0200;583;251;8496
Ex 3 day 09;6;47;0,0184;1,3525;1,0738;2,8300;73,5400;611;259;8496
Ex 3 day 09;6;48;0,0184;1,7594;1,1196;2,8300;95,6600;622;251;8496
Ex 3 day 09;7;49;0,1125;2,8751;2,5749;2,8300;25,5500;664;284;4711
Ex 3 day 09;7;50;0,1125;3,1019;2,2777;3,3000;27,5600;621;269;4711
Ex 3 day 09;7;51;0,1125;2,7382;2,4057;2,8300;24,3300;636;305;4711
Ex 3 day 09;7;52;0,1125;2,5456;1,9227;4,7100;22,6200;658;307;4711
Ex 3 day 09;7;53;0,1125;2,7862;2,0616;2,8300;24,7600;635;291;4711
Ex 3 day 09;7;54;0,1125;2,1542;1,8397;2,8300;19,1400;643;295;4711
Ex 3 day 09;7;55;0,1125;2,2173;1,7840;3,3000;19,7000;604;282;4711
Ex 3 day 09;7;56;0,1125;3,0771;2,2664;2,8300;27,3400;604;290;4711
Ex 3 day 09;7;57;0,1125;2,1371;1,7988;2,8300;18,9900;618;286;4711
Ex 3 day 09;7;58;0,1125;1,7304;1,5187;2,8300;15,3800;651;292;4711
Ex 3 day 09;7;59;0,1125;2,0012;1,5939;2,8300;17,7800;650;269;4711
Ex 3 day 09;7;60;0,1125;1,8687;1,5056;2,8300;16,6100;635;274;4711
Ex 3 day 09;7;61;0,1125;2,2913;1,7966;2,8300;20,3600;625;297;4711
Ex 3 day 09;7;62;0,1125;1,2905;1,3094;4,2400;11,4700;650;276;4711
Ex 3 day 09;7;63;0,1125;2,0278;1,7331;2,8300;18,0200;673;284;4711
Ex 3 day 09;7;64;0,1125;1,2573;1,2438;3,3000;11,1700;647;260;4711
Ex 3 day 09;8;65;0,1326;3,9163;2,8205;2,8300;29,5300;777;320;4693
Ex 3 day 09;8;66;0,1326;2,5182;2,3431;2,8300;18,9900;790;330;4693
Ex 3 day 09;8;67;0,1326;3,0671;2,6081;2,8300;23,1200;782;297;4693
Ex 3 day 09;8;68;0,1326;1,5913;1,4683;4,2400;12,0000;770;288;4693
Ex 3 day 09;8;69;0,1326;2,1917;1,5704;2,8300;16,5200;759;333;4693
Ex 3 day 09;8;70;0,1326;2,2861;1,6406;3,3000;17,2400;771;307;4693
Ex 3 day 09;8;71;0,1326;2,2887;1,8436;2,8300;17,2600;794;286;4693
Ex 3 day 09;8;72;0,1326;2,2136;1,7163;2,8300;16,6900;806;294;4693
Ex 3 day 09;8;73;0,1326;1,6677;1,1934;2,8300;12,5700;765;339;4693
Ex 3 day 09;8;74;0,1326;2,3942;1,9027;2,8300;18,0500;777;277;4693
Ex 3 day 09;8;75;0,1326;2,1575;1,7769;2,8300;16,2700;793;318;4693
Ex 3 day 09;8;76;0,1326;1,7811;1,2062;3,3000;13,4300;762;304;4693
Ex 3 day 09;8;77;0,1326;1,4640;1,3590;3,7700;11,0400;799;312;4693
Ex 3 day 09;8;78;0,1326;1,6099;1,2786;2,8300;12,1400;793;300;4693
Ex 3 day 09;8;79;0,1326;1,6867;1,3257;2,8300;12,7200;773;301;4693
Ex 3 day 09;9;80;0,1062;3,9236;3,0062;2,8300;36,9300;468;330;3933
Ex 3 day 09;9;81;0,1062;3,5985;2,3145;4,2400;33,8700;523;345;3933
Ex 3 day 09;9;82;0,1062;2,9147;2,4059;2,8300;27,4300;497;329;3933
Ex 3 day 09;9;83;0,1062;2,2191;1,6859;2,8300;20,8900;482;338;3933
Ex 3 day 09;9;84;0,1062;2,4019;1,9284;2,8300;22,6100;480;324;3933
Ex 3 day 09;9;85;0,1062;2,1225;1,5567;2,8300;19,9800;500;337;3933
Ex 3 day 09;9;86;0,1062;1,5330;1,1641;2,8300;14,4300;490;345;3933
Ex 3 day 09;9;87;0,1062;2,0151;1,7150;2,8300;18,9700;494;361;3933
Ex 3 day 09;9;88;0,1062;2,1385;1,5260;2,8300;20,1300;509;362;3933
Ex 3 day 09;9;89;0,1062;1,6631;1,4141;4,7100;15,6500;499;325;3933
Ex 3 day 09;10;90;0,0995;3,4683;2,5879;3,7700;34,8700;443;370;6343
Ex 3 day 09;10;91;0,0995;3,3833;2,5035;3,3000;34,0100;407;371;6343
Ex 3 day 09;10;92;0,0995;2,7467;2,3520;2,8300;27,6100;408;350;6343
Ex 3 day 09;10;93;0,0995;3,0112;1,7948;4,7100;30,2700;422;400;6343
Ex 3 day 09;10;94;0,0995;2,5696;2,0781;2,8300;25,8300;427;372;6343
Ex 3 day 09;10;95;0,0995;2,5563;2,1795;2,8300;25,7000;389;389;6343
Ex 3 day 09;10;96;0,0995;2,5280;2,1080;2,8300;25,4200;387;360;6343
Ex 3 day 09;10;97;0,0995;2,1120;1,7518;2,8300;21,2300;391;376;6343
Ex 3 day 09;10;98;0,0995;2,0471;1,6894;3,7700;20,5800;443;405;6343
Ex 3 day 09;10;99;0,0995;1,9795;1,6013;2,8300;19,9000;410;399;6343
Ex 3 day 09;10;100;0,0995;2,2464;1,5456;3,3000;22,5800;449;384;6343
Ex 3 day 09;12;101;0,0328;4,3165;2,9772;3,3000;131,5000;775;412;6569
Ex 3 day 09;12;102;0,0328;4,3861;3,7947;2,8300;133,6200;806;429;6569
Ex 3 day 09;12;103;0,0328;3,0583;2,6192;2,8300;93,1700;831;425;6569
Ex 3 day 09;12;104;0,0328;2,7901;1,9085;3,7700;85,0000;797;407;6569
Ex 3 day 09;12;105;0,0328;2,6888;2,2906;2,8300;81,9100;822;413;6569
Ex 3 day 09;12;106;0,0328;1,7795;1,4844;2,8300;54,2100;810;410;6569
Ex 3 day 09;12;107;0,0328;2,2962;1,6663;3,3000;69,9500;793;445;6569
Ex 3 day 09;12;108;0,0328;2,3102;1,9247;2,8300;70,3800;776;428;6569
Ex 3 day 09;12;109;0,0328;1,9556;1,6167;2,8300;59,5800;810;395;6569
Ex 3 day 09;13;110;0,0907;3,8951;3,3281;2,8300;42,9400;1092;406;5636
Ex 3 day 09;13;111;0,0907;2,8874;2,5186;2,8300;31,8300;1092;415;5636
Ex 3 day 09;13;112;0,0907;2,6500;1,9283;3,3000;29,2100;1078;417;5636
Ex 3 day 09;13;113;0,0907;2,8960;2,4755;2,8300;31,9200;1111;437;5636
Ex 3 day 09;13;114;0,0907;2,6630;2,0995;3,3000;29,3500;1096;442;5636
Ex 3 day 09;13;115;0,0907;2,4665;2,0778;2,8300;27,1900;1091;427;5636
Ex 3 day 09;13;116;0,0907;2,5161;1,7048;3,3000;27,7300;1069;438;5636
Ex 3 day 09;13;117;0,0907;2,1825;1,7778;3,7700;24,0600;1099;453;5636
Ex 3 day 09;13;118;0,0907;2,1891;1,9356;2,8300;24,1300;1120;433;5636
Ex 3 day 09;14;119;0,1274;2,3283;1,7108;3,3000;18,2700;976;455;4626
Ex 3 day 09;14;120;0,1274;2,2887;1,9485;2,8300;17,9600;948;421;4626
Ex 3 day 09;14;121;0,1274;1,6583;1,2619;3,3000;13,0200;973;426;4626
Ex 3 day 09;15;122;0,0890;4,1465;3,3728;2,8300;46,5900;647;494;7145
Ex 3 day 09;15;123;0,0890;3,0116;2,0740;3,3000;33,8400;627;494;7145
Ex 3 day 09;15;124;0,0890;2,7723;2,4372;2,8300;31,1500;640;433;7145
Ex 3 day 09;15;125;0,0890;2,5907;1,8058;3,3000;29,1100;608;428;7145
Ex 3 day 09;15;126;0,0890;2,5181;2,2920;2,8300;28,2900;624;466;7145
Ex 3 day 09;15;127;0,0890;2,6221;1,9288;3,3000;29,4600;654;433;7145
Ex 3 day 09;15;128;0,0890;2,1721;1,6302;3,3000;24,4100;624;444;7145
Ex 3 day 09;15;129;0,0890;1,6810;1,0988;3,3000;18,8900;633;483;7145
Ex 3 day 09;15;130;0,0890;1,7747;1,5916;2,8300;19,9400;639;477;7145
Ex 3 day 09;15;131;0,0890;2,4921;1,7084;3,7700;28,0000;623;476;7145
Ex 3 day 09;15;132;0,0890;2,2338;1,5697;2,8300;25,1000;608;498;7145
Ex 3 day 09;15;133;0,0890;1,3936;1,2415;2,8300;15,6600;659;452;7145
Ex 3 day 09;15;134;0,0890;2,2680;1,7938;2,8300;25,4800;639;474;7145
Ex 3 day 09;15;135;0,0890;1,6268;1,3080;2,8300;18,2800;607;443;7145
Ex 3 day 09;15;136;0,0890;2,1578;1,7276;2,8300;24,2500;654;472;7145
Ex 3 day 09;16;137;0,2214;2,4587;1,9360;2,8300;11,1100;1391;469;1471
Ex 3 day 09;16;138;0,2214;2,3576;1,5886;4,2400;10,6500;1379;463;1471
Ex 3 day 09;16;139;0,2214;1,5217;1,1543;3,3000;6,8700;1387;449;1471
Ex 3 day 09;17;140;0,1147;3,2785;2,4710;2,8300;28,5700;760;528;4510
Ex 3 day 09;17;141;0,1147;3,9133;2,9707;2,8300;34,1100;794;520;4510
Ex 3 day 09;17;142;0,1147;3,1527;2,6552;2,8300;27,4800;771;506;4510
Ex 3 day 09;17;143;0,1147;1,9858;1,9253;2,8300;17,3100;750;531;4510
Ex 3 day 09;17;144;0,1147;2,2988;1,5234;4,2400;20,0300;760;547;4510
Ex 3 day 09;17;145;0,1147;2,5806;1,5614;3,3000;22,4900;774;519;4510
Ex 3 day 09;17;146;0,1147;2,5257;1,5323;3,3000;22,0100;782;550;4510
Ex 3 day 09;17;147;0,1147;1,2011;1,5243;4,7100;10,4700;779;536;4510
Ex 3 day 09;17;148;0,1147;2,2108;1,8870;2,8300;19,2700;763;502;4510
Ex 3 day 09;17;149;0,1147;1,6807;1,3197;2,8300;14,6500;796;500;4510
Ex 3 day 09;17;150;0,1147;1,9287;1,6545;2,8300;16,8100;772;485;4510
Ex 3 day 09;17;151;0,1147;1,9581;1,5617;2,8300;17,0700;787;518;4510
Ex 3 day 09;17;152;0,1147;1,6789;1,3875;3,7700;14,6300;738;524;4510
Ex 3 day 09;19;153;0,1665;3,0753;2,2662;2,8300;18,4700;98;530;3743
Ex 3 day 09;19;154;0,1665;2,8652;2,2925;2,8300;17,2100;83;525;3743
Ex 3 day 09;19;155;0,1665;2,4976;1,7774;3,3000;15,0000;67;566;3743
Ex 3 day 09;19;156;0,1665;2,4175;1,9696;2,8300;14,5200;81;550;3743
Ex 3 day 09;19;157;0,1665;2,3777;1,9453;2,8300;14,2800;49;538;3743
Ex 3 day 09;19;158;0,1665;2,1194;1,6696;2,8300;12,7300;79;564;3743
Ex 3 day 09;19;159;0,1665;1,7152;1,5076;4,2400;10,3000;90;562;3743
Ex 3 day 09;19;160;0,1665;1,6365;1,3560;2,8300;9,8300;89;531;3743
Ex 3 day 09;19;161;0,1665;1,8940;1,7508;2,8300;11,3800;52;556;3743
Ex 3 day 09;19;162;0,1665;1,6244;1,4866;3,7700;9,7600;61;550;3743
Ex 3 day 09;19;163;0,1665;0,8450;0,9456;4,7100;5,0800;84;540;3743
Ex 3 day 09;19;164;0,1665;1,0230;1,0770;5,1900;6,1400;99;545;3743
Ex 3 day 09;20;165;0,1498;2,7784;2,2422;2,8300;18,5500;960;552;4457
Ex 3 day 09;20;166;0,1498;2,9777;2,4564;2,8300;19,8800;984;570;4457
Ex 3 day 09;20;167;0,1498;2,6822;1,7992;3,7700;17,9100;964;578;4457
Ex 3 day 09;20;168;0,1498;2,4130;1,7655;2,8300;16,1100;975;580;4457
Ex 3 day 09;20;169;0,1498;2,8383;2,2144;2,8300;18,9500;964;563;4457
Ex 3 day 09;20;170;0,1498;1,7930;1,6202;2,8300;11,9700;975;546;4457
Ex 3 day 09;20;171;0,1498;1,8258;1,3453;2,8300;12,1900;953;571;4457
Ex 3 day 09;20;172;0,1498;1,9981;1,3536;2,8300;13,3400;992;558;4457
Ex 3 day 09;20;173;0,1498;2,2233;1,4093;4,2400;14,8500;981;533;4457
Ex 3 day 09;20;174;0,1498;1,7928;1,3999;2,8300;11,9700;992;551;4457
Ex 3 day 09;20;175;0,1498;2,4207;1,8645;2,8300;16,1600;993;582;4457
Ex 3 day 09;20;176;0,1498;1,6723;1,2367;3,3000;11,1700;978;559;4457
Ex 3 day 09;20;177;0,1498;1,4593;1,3962;3,7700;9,7400;996;568;4457
Ex 3 day 09;20;178;0,1498;2,5224;2,0460;2,8300;16,8400;999;551;4457
Ex 3 day 09;20;179;0,1498;1,3835;1,3042;3,3000;9,2400;968;540;4457
Ex 3 day 09;21;180;0,1737;2,7284;2,2390;3,7700;15,7100;678;618;4506
Ex 3 day 09;21;181;0,1737;2,8321;2,4613;2,8300;16,3100;681;602;4506
Ex 3 day 09;21;182;0,1737;2,5819;1,8980;2,8300;14,8700;659;622;4506
Ex 3 day 09;21;183;0,1737;1,9094;1,4611;3,7700;11,0000;691;614;4506
Ex 3 day 09;21;184;0,1737;1,6293;1,3606;2,8300;9,3800;680;641;4506
Ex 3 day 09;21;185;0,1737;1,9670;1,5840;2,8300;11,3300;654;636;4506
Ex 3 day 09;21;186;0,1737;1,9643;1,5781;2,8300;11,3100;649;648;4506
Ex 3 day 09;21;187;0,1737;1,6679;1,3541;2,8300;9,6000;688;625;4506
Ex 3 day 09;21;188;0,1737;1,9835;1,4433;2,8300;11,4200;669;600;4506
Ex 3 day 09;22;189;0,1771;4,7457;3,4825;2,8300;26,8000;284;632;3493
Ex 3 day 09;22;190;0,1771;2,5847;1,9288;2,8300;14,6000;283;643;3493
Ex 3 day 09;22;191;0,1771;2,3519;1,9993;2,8300;13,2800;308;643;3493
Ex 3 day 09;22;192;0,1771;1,9170;1,5972;2,8300;10,8300;289;655;3493
Ex 3 day 09;22;193;0,1771;2,5812;2,0482;2,8300;14,5800;278;620;3493
Ex 3 day 09;22;194;0,1771;2,3519;1,7729;2,8300;13,2800;284;660;3493
Ex 3 day 09;22;195;0,1771;2,3341;1,8396;2,8300;13,1800;294;631;3493
Ex 3 day 09;22;196;0,1771;2,0322;1,7592;2,8300;11,4800;271;641;3493
Ex 3 day 09;22;197;0,1771;1,7564;1,4897;2,8300;9,9200;263;619;3493
Ex 3 day 09;23;198;0,1614;3,4957;2,9454;2,8300;21,6500;257;739;4028
Ex 3 day 09;23;199;0,1614;4,1764;3,2670;2,8300;25,8700;255;722;4028
Ex 3 day 09;23;200;0,1614;2,4821;2,1286;2,8300;15,3700;231;707;4028
Ex 3 day 09;23;201;0,1614;2,6931;2,2070;2,8300;16,6800;241;716;4028
Ex 3 day 09;23;202;0,1614;2,3312;2,0094;2,8300;14,4400;235;691;4028
Ex 3 day 09;23;203;0,1614;2,3177;1,6839;3,7700;14,3600;270;737;4028
Ex 3 day 09;23;204;0,1614;1,8038;1,4398;2,8300;11,1700;244;706;4028
Ex 3 day 09;23;205;0,1614;1,7995;1,4578;2,8300;11,1500;243;724;4028
Ex 3 day 09;23;206;0,1614;1,5888;1,1213;2,8300;9,8400;265;721;4028
Ex 3 day 09;23;207;0,1614;1,9357;1,7678;2,8300;11,9900;269;706;4028
Ex 3 day 09;23;208;0,1614;1,4128;1,1732;4,7100;8,7500;247;702;4028
Ex 3 day 09;23;209;0,1614;2,0444;1,4915;2,8300;12,6600;256;705;4028
Ex 3 day 09;23;210;0,1614;0,9715;1,1575;4,7100;6,0200;277;748;4028
Ex 3 day 09;23;211;0,1614;1,7403;1,3996;2,8300;10,7800;265;711;4028
Ex 3 day 09;23;212;0,1614;2,1587;1,5663;2,8300;13,3700;260;694;4028
Ex 3 day 09;24;213;0,1823;3,0719;2,2314;3,3000;16,8500;908;742;4698
Ex 3 day 09;24;214;0,1823;3,0370;2,2536;2,8300;16,6600;893;704;4698
Ex 3 day 09;24;215;0,1823;2,5885;1,8760;2,8300;14,2000;899;710;4698
Ex 3 day 09;24;216;0,1823;2,6987;2,0390;2,8300;14,8000;915;720;4698
Ex 3 day 09;24;217;0,1823;2,3199;1,5288;4,2400;12,7200;870;726;4698
Ex 3 day 09;24;218;0,1823;2,1507;1,7758;2,8300;11,8000;900;732;4698
Ex 3 day 09;24;219;0,1823;2,1944;1,8413;2,8300;12,0400;885;727;4698
Ex 3 day 09;24;220;0,1823;1,9176;1,4505;2,8300;10,5200;878;736;4698
Ex 3 day 09;24;221;0,1823;1,2896;1,1959;5,1900;7,0700;879;707;4698
Ex 3 day 09;24;222;0,1823;1,8935;1,4949;2,8300;10,3900;907;715;4698
Ex 3 day 09;24;223;0,1823;1,7472;1,1684;3,7700;9,5800;911;704;4698
Ex 3 day 09;24;224;0,1823;1,9557;1,4735;2,8300;10,7300;888;710;4698
Ex 3 day 09;24;225;0,1823;1,9369;1,4217;2,8300;10,6200;921;692;4698
Ex 3 day 09;25;226;0,1570;3,9765;3,1326;2,8300;25,3200;1027;782;3716
Ex 3 day 09;25;227;0,1570;3,2172;2,5272;2,8300;20,4900;1019;763;3716
Ex 3 day 09;25;228;0,1570;3,0237;2,5780;2,8300;19,2500;998;785;3716
Ex 3 day 09;25;229;0,1570;2,4926;1,8463;3,3000;15,8700;1003;772;3716
Ex 3 day 09;25;230;0,1570;1,9848;1,7060;2,8300;12,6400;988;768;3716
Ex 3 day 09;25;231;0,1570;2,0697;1,8682;2,8300;13,1800;1003;741;3716
Ex 3 day 09;25;232;0,1570;2,2604;1,7988;2,8300;14,3900;1009;779;3716
Ex 3 day 09;25;233;0,1570;1,9626;1,4184;3,3000;12,5000;992;755;3716
Ex 3 day 09;25;234;0,1570;2,2943;1,5336;2,8300;14,6100;1009;752;3716
Ex 3 day 09;25;235;0,1570;2,0446;1,5447;2,8300;13,0200;1004;762;3716
Ex 3 day 09;26;236;0,1541;4,7556;3,6436;2,8300;30,8700;422;782;3911
Ex 3 day 09;26;237;0,1541;4,3925;3,4104;2,8300;28,5100;389;772;3911
Ex 3 day 09;26;238;0,1541;2,2358;1,6031;2,8300;14,5100;408;786;3911
Ex 3 day 09;26;239;0,1541;2,4207;1,9918;2,8300;15,7100;415;799;3911
Ex 3 day 09;26;240;0,1541;2,5767;1,9305;2,8300;16,7200;419;806;3911
Ex 3 day 09;26;241;0,1541;1,9358;1,4933;2,8300;12,5600;401;821;3911
Ex 3 day 09;26;242;0,1541;2,3565;1,5625;3,3000;15,2900;380;803;3911
Ex 3 day 09;26;243;0,1541;2,1736;1,1046;4,2400;14,1100;392;792;3911
Ex 3 day 09;26;244;0,1541;2,5112;1,8063;2,8300;16,3000;434;799;3911
Ex 3 day 09;26;245;0,1541;1,9072;1,5923;2,8300;12,3800;433;791;3911
Ex 3 day 09;26;246;0,1541;2,1359;1,7441;2,8300;13,8600;393;803;3911
Ex 3 day 09;26;247;0,1541;2,3523;1,8410;2,8300;15,2700;409;798;3911
Ex 3 day 09;26;248;0,1541;2,1045;1,6873;2,8300;13,6600;431;809;3911
Ex 3 day 09;26;249;0,1541;1,7891;1,3593;2,8300;11,6100;378;776;3911
Ex 3 day 09;27;250;0,1339;2,9595;2,3939;3,7700;22,1100;564;785;6009
Ex 3 day 09;27;251;0,1339;2,7068;2,3238;2,8300;20,2200;564;801;6009
Ex 3 day 09;27;252;0,1339;2,8885;1,9409;3,3000;21,5800;598;813;6009
Ex 3 day 09;27;253;0,1339;2,5292;1,9616;3,3000;18,8900;582;799;6009
Ex 3 day 09;27;254;0,1339;2,8822;2,5363;2,8300;21,5300;616;830;6009
Ex 3 day 09;27;255;0,1339;2,6655;2,3494;2,8300;19,9100;599;795;6009
Ex 3 day 09;27;256;0,1339;2,4343;1,7493;3,3000;18,1900;605;845;6009
Ex 3 day 09;27;257;0,1339;2,4305;1,7421;3,3000;18,1600;548;789;6009
Ex 3 day 09;27;258;0,1339;2,5473;1,9796;2,8300;19,0300;589;818;6009
Ex 3 day 09;27;259;0,1339;2,3186;1,8899;2,8300;17,3200;561;810;6009
Ex 3 day 09;28;260;0,1477;3,4126;2,7125;2,8300;23,1000;1113;788;3811
Ex 3 day 09;28;261;0,1477;3,1527;2,5928;2,8300;21,3400;1126;812;3811
Ex 3 day 09;28;262;0,1477;2,1494;1,7351;2,8300;14,5500;1127;826;3811
Ex 3 day 09;28;263;0,1477;2,1904;1,7067;2,8300;14,8300;1150;812;3811
Ex 3 day 09;28;264;0,1477;2,0562;1,5896;3,7700;13,9200;1142;791;3811
Ex 3 day 09;28;265;0,1477;1,8432;1,3780;4,2400;12,4800;1113;812;3811
Ex 3 day 09;28;266;0,1477;1,9524;1,6628;2,8300;13,2200;1101;799;3811
Ex 3 day 09;28;267;0,1477;2,2980;1,8551;2,8300;15,5500;1129;834;3811
Ex 3 day 09;28;268;0,1477;1,6955;1,4170;2,8300;11,4800;1139;799;3811
Ex 3 day 09;28;269;0,1477;1,9457;1,6796;2,8300;13,1700;1147;835;3811
Ex 3 day 09;28;270;0,1477;1,8168;1,3223;4,7100;12,3000;1125;779;3811
Ex 3 day 09;29;271;0,1757;2,8749;1,9057;3,3000;16,3600;277;846;3284
Ex 3 day 09;29;272;0,1757;3,1788;2,3531;2,8300;18,0900;292;853;3284
Ex 3 day 09;29;273;0,1757;2,8491;1,8228;2,8300;16,2100;305;830;3284
Ex 3 day 09;29;274;0,1757;2,6021;1,9237;3,7700;14,8100;272;834;3284
Ex 3 day 09;29;275;0,1757;2,3436;1,9230;2,8300;13,3400;261;825;3284
Ex 3 day 09;29;276;0,1757;2,4828;2,0145;2,8300;14,1300;289;872;3284
Ex 3 day 09;29;277;0,1757;2,0995;1,5913;2,8300;11,9500;278;865;3284
Ex 3 day 09;29;278;0,1757;2,0714;1,7473;2,8300;11,7900;305;853;3284
Ex 3 day 09;29;279;0,1757;2,0544;1,6270;2,8300;11,6900;287;857;3284
Ex 3 day 09;30;280;0,1399;3,2256;2,6604;2,8300;23,0600;1160;929;4023
Ex 3 day 09;30;281;0,1399;2,6580;1,8244;2,8300;19,0000;1170;914;4023
Ex 3 day 09;30;282;0,1399;2,2852;1,6309;2,8300;16,3400;1186;935;4023
Ex 3 day 09;30;283;0,1399;1,8780;1,5843;2,8300;13,4200;1177;909;4023
Ex 3 day 09;30;284;0,1399;2,4185;1,9421;2,8300;17,2900;1179;956;4023
Ex 3 day 09;30;285;0,1399;2,3599;1,9624;2,8300;16,8700;1169;927;4023
Ex 3 day 09;30;286;0,1399;2,0605;1,7287;2,8300;14,7300;1164;956;4023
Ex 3 day 09;30;287;0,1399;2,3560;1,8214;2,8300;16,8400;1185;919;4023
Ex 3 day 09;30;288;0,1399;2,1785;1,6324;2,8300;15,5700;1156;914;4023
Ex 3 day 09;30;289;0,1399;2,1570;1,4569;2,8300;15,4200;1178;941;4023
Ex 3 day 09;30;290;0,1399;2,4673;1,8174;2,8300;17,6400;1192;942;4023
Ex 3 day 09;30;291;0,1399;1,7714;1,3382;2,8300;12,6600;1156;956;4023
Ex 3 day 09;30;292;0,1399;2,0825;1,6551;2,8300;14,8900;1180;963;4023
Ex 3 day 09;30;293;0,1399;1,8171;1,5448;2,8300;12,9900;1153;901;4023
Ex 3 day 09;30;294;0,1399;2,0310;1,6987;2,8300;14,5200;1171;956;4023
Ex 3 day 09;31;295;0,1782;2,5045;1,8387;4,2400;14,0600;485;959;3165
Ex 3 day 09;31;296;0,1782;1,9591;1,1201;3,3000;11,0000;495;952;3165
Ex 3 day 09;31;297;0,1782;2,2857;1,6179;3,3000;12,8300;517;949;3165
Ex 3 day 09;31;298;0,1782;2,4647;1,9721;2,8300;13,8300;485;940;3165
Ex 3 day 09;31;299;0,1782;2,1019;1,7571;2,8300;11,8000;517;936;3165
Ex 3 day 09;31;300;0,1782;2,0435;1,7025;2,8300;11,4700;519;967;3165
Ex 3 day 09;31;301;0,1782;1,8652;1,3788;2,8300;10,4700;504;958;3165
Ex 3 day 09;31;302;0,1782;2,1084;1,7323;2,8300;11,8300;523;961;3165
Ex 3 day 09;31;303;0,1782;1,7528;1,5030;2,8300;9,8400;503;931;3165
Ex 3 day 09;31;304;0,1782;1,7441;1,5221;2,8300;9,7900;493;941;3165
Ex 3 day 09;32;305;0,1781;3,2550;2,5398;3,7700;18,2700;667;992;3461
Ex 3 day 09;32;306;0,1781;3,4795;2,5621;2,8300;19,5300;657;1008;3461
Ex 3 day 09;32;307;0,1781;2,7875;2,3280;2,8300;15,6500;643;998;3461
Ex 3 day 09;32;308;0,1781;2,5527;2,0343;2,8300;14,3300;665;1006;3461
Ex 3 day 09;32;309;0,1781;2,3758;1,7240;2,8300;13,3400;660;956;3461
Ex 3 day 09;32;310;0,1781;2,2216;1,9419;2,8300;12,4700;634;960;3461
Ex 3 day 09;32;311;0,1781;2,8340;2,1667;2,8300;15,9100;658;978;3461
Ex 3 day 09;32;312;0,1781;2,1258;1,5901;2,8300;11,9300;647;960;3461
Ex 3 day 09;32;313;0,1781;2,4685;2,0578;2,8300;13,8600;638;982;3461
