cell_id,peak_id,cell_intensity_mean,foci_intensity_peak,foci_radius,signal_to_cell_ratio,foci_x,foci_y
1,1,0.1227,4.0579,2.83,33.07,859,0
1,2,0.1227,3.0363,4.24,24.75,868,21
1,3,0.1227,2.0584,3.77,16.78,871,46
1,4,0.1227,2.1372,3.3,17.42,885,50
1,5,0.1227,1.9892,4.24,16.21,896,45
2,6,0.1823,2.7755,2.83,15.22,1376,43
2,7,0.1823,3.2328,2.83,17.73,1360,36
2,8,0.1823,3.5587,2.83,19.52,1379,59
2,9,0.1823,2.9452,3.3,16.16,1360,65
2,10,0.1823,2.8727,3.3,15.76,1374,90
2,11,0.1823,2.0359,2.83,11.17,1363,53
3,12,0.1632,3.7122,2.83,22.75,234,98
3,13,0.1632,3.753,2.83,23.0,281,75
3,14,0.1632,3.4178,3.3,20.95,261,91
3,15,0.1632,2.9713,2.83,18.21,248,77
3,16,0.1632,2.6247,2.83,16.09,223,97
3,17,0.1632,1.8646,3.3,11.43,276,101
3,18,0.1632,1.8947,2.83,11.61,278,84
3,19,0.1632,2.2948,2.83,14.07,247,102
3,20,0.1632,2.1707,3.3,13.3,286,95
3,21,0.1632,1.5098,2.83,9.25,229,86
5,22,0.1352,3.4898,3.77,25.81,0,86
5,23,0.1352,3.014,3.3,22.3,33,71
5,24,0.1352,2.3097,2.83,17.08,41,89
5,25,0.1352,1.8204,3.3,13.47,7,64
5,26,0.1352,2.3937,2.83,17.71,13,51
5,27,0.1352,1.8772,2.83,13.89,20,60
5,28,0.1352,2.0518,2.83,15.18,59,75
5,29,0.1352,1.8139,4.24,13.42,50,67
6,30,0.2453,3.6089,3.77,14.71,1052,124
6,31,0.2453,1.9625,2.83,8.0,1051,104
6,32,0.2453,2.3171,3.3,9.44,1029,96
6,33,0.2453,2.2513,2.83,9.18,1034,99
6,34,0.2453,2.1625,3.3,8.81,1067,146
7,35,0.2346,2.9911,3.3,12.75,781,119
7,36,0.2346,3.1889,3.3,13.59,777,135
7,37,0.2346,2.9061,2.83,12.39,761,113
7,38,0.2346,2.4569,2.83,10.47,799,102
8,39,0.1874,2.8766,3.77,15.35,487,149
8,40,0.1874,2.7389,3.3,14.62,442,161
8,41,0.1874,2.4065,3.3,12.84,482,163
8,42,0.1874,2.4521,2.83,13.08,468,168
8,43,0.1874,1.5896,5.66,8.48,468,145
8,44,0.1874,2.3219,3.3,12.39,449,189
8,45,0.1874,1.881,3.77,10.04,450,127
8,46,0.1874,2.1328,2.83,11.38,463,125
8,47,0.1874,1.8976,3.77,10.13,468,163
8,48,0.1874,1.3727,3.3,7.32,442,145
8,49,0.1874,1.8543,2.83,9.89,459,180
9,50,0.1928,3.8554,2.83,20.0,994,191
9,51,0.1928,3.9397,3.3,20.43,999,165
9,52,0.1928,2.7115,3.3,14.06,974,158
9,53,0.1928,1.7332,5.66,8.99,977,190
9,54,0.1928,1.9063,3.3,9.89,998,182
9,55,0.1928,2.1071,2.83,10.93,964,172
9,56,0.1928,1.6042,2.83,8.32,986,162
10,57,0.1785,3.5469,2.83,19.87,569,213
10,58,0.1785,3.0736,2.83,17.22,598,179
10,59,0.1785,2.6351,3.77,14.76,588,206
10,60,0.1785,2.5269,2.83,14.16,568,193
10,61,0.1785,2.8414,3.3,15.92,620,192
10,62,0.1785,1.6161,2.83,9.05,572,202
10,63,0.1785,2.4563,2.83,13.76,624,195
10,64,0.1785,2.0732,2.83,11.62,562,224
10,65,0.1785,1.9525,2.83,10.94,587,224
11,66,0.2577,3.2828,2.83,12.74,1172,186
11,67,0.2577,2.9534,3.3,11.46,1201,196
11,68,0.2577,2.6602,2.83,10.32,1180,205
11,69,0.2577,2.2767,3.3,8.83,1195,179
11,70,0.2577,1.5012,5.19,5.82,1200,180
11,71,0.2577,1.7253,2.83,6.69,1185,171
12,72,0.1544,3.502,3.3,22.69,213,243
12,73,0.1544,2.908,3.3,18.84,187,210
12,74,0.1544,3.1317,2.83,20.29,212,221
12,75,0.1544,2.4107,3.77,15.62,228,254
12,76,0.1544,2.5351,3.77,16.42,207,202
12,77,0.1544,2.0228,4.24,13.1,216,261
12,78,0.1544,2.1949,2.83,14.22,222,234
12,79,0.1544,1.4231,3.3,9.22,201,253
12,80,0.1544,2.3601,2.83,15.29,186,238
12,81,0.1544,2.1827,2.83,14.14,185,187
12,82,0.1544,1.8227,3.3,11.81,223,219
12,83,0.1544,1.9306,2.83,12.51,213,230
13,84,0.2531,3.7017,2.83,14.63,790,264
13,85,0.2531,2.9803,2.83,11.78,785,247
13,86,0.2531,2.4206,3.77,9.56,775,239
13,87,0.2531,2.7212,2.83,10.75,772,260
13,88,0.2531,2.0782,3.77,8.21,808,250
13,89,0.2531,1.9683,2.83,7.78,782,259
14,90,0.2225,3.1903,3.3,14.34,1327,263
14,91,0.2225,2.1221,3.3,9.54,1374,237
14,92,0.2225,1.9542,6.6,8.78,1349,264
14,93,0.2225,2.0097,4.71,9.03,1340,242
15,94,0.1917,3.3968,4.24,17.72,445,288
15,95,0.1917,3.2238,3.3,16.82,434,273
15,96,0.1917,2.9093,2.83,15.18,436,314
15,97,0.1917,2.4696,4.24,12.88,419,274
15,98,0.1917,3.1631,2.83,16.5,426,304
15,99,0.1917,2.049,2.83,10.69,448,273
15,100,0.1917,2.3541,4.71,12.28,463,302
15,101,0.1917,2.2663,3.3,11.82,457,267
15,102,0.1917,2.2133,3.77,11.55,415,314
16,103,0.2284,3.0727,3.3,13.45,890,286
16,104,0.2284,2.2156,2.83,9.7,904,274
16,105,0.2284,2.2241,3.3,9.74,891,316
16,106,0.2284,2.1312,3.3,9.33,903,328
16,107,0.2284,1.8637,3.77,8.16,875,294
16,108,0.2284,1.9968,2.83,8.74,891,305
17,109,0.1889,4.1436,2.83,21.93,1185,282
17,110,0.1889,2.6246,3.3,13.89,1168,287
17,111,0.1889,2.3256,3.3,12.31,1204,276
17,112,0.1889,1.9586,2.83,10.37,1149,284
18,113,0.1587,2.411,2.83,15.19,671,295
18,114,0.1587,2.1032,4.71,13.25,654,311
18,115,0.1587,2.2183,2.83,13.98,695,305
19,116,0.2227,3.0786,2.83,13.82,1056,330
19,117,0.2227,2.6825,2.83,12.05,1045,326
19,118,0.2227,2.634,2.83,11.83,1050,308
19,119,0.2227,2.8014,2.83,12.58,1045,303
19,120,0.2227,2.6077,2.83,11.71,1027,313
20,121,0.2572,3.2294,3.77,12.55,316,335
20,122,0.2572,3.2131,2.83,12.49,328,323
20,123,0.2572,1.8564,5.19,7.22,348,336
20,124,0.2572,1.8161,5.19,7.06,343,355
20,125,0.2572,1.7358,5.19,6.75,363,349
21,126,0.1692,2.8942,2.83,17.11,1202,355
21,127,0.1692,2.0545,2.83,12.15,1195,342
21,128,0.1692,2.5154,2.83,14.87,1172,351
21,129,0.1692,2.4763,2.83,14.64,1193,356
21,130,0.1692,2.5823,2.83,15.27,1185,336
21,131,0.1692,2.4849,2.83,14.69,1209,368
21,132,0.1692,2.4957,2.83,14.75,1177,360
21,133,0.1692,2.0656,2.83,12.21,1168,341
21,134,0.1692,2.3672,2.83,13.99,1207,340
21,135,0.1692,1.947,3.3,11.51,1183,340
21,136,0.1692,2.0674,2.83,12.22,1221,373
21,137,0.1692,1.6117,2.83,9.53,1184,371
22,138,0.247,3.2812,3.77,13.29,837,356
22,139,0.247,2.274,4.24,9.21,866,363
23,140,0.0678,1.925,2.83,28.4,1014,355
23,141,0.0678,2.8942,2.83,42.7,1065,372
23,142,0.0678,2.4796,2.83,36.58,1011,375
23,143,0.0678,1.5702,2.83,23.16,1018,348
23,144,0.0678,1.7496,3.77,25.81,1048,364
23,145,0.0678,2.1118,2.83,31.16,1026,377
24,146,0.0625,2.6335,2.83,42.15,560,406
25,147,0.1932,3.7725,3.3,19.52,658,413
25,148,0.1932,3.1029,4.71,16.06,641,416
25,149,0.1932,2.7832,4.24,14.4,624,420
25,150,0.1932,1.8722,5.66,9.69,620,436
25,151,0.1932,2.559,3.3,13.24,643,430
25,152,0.1932,2.0151,2.83,10.43,659,399
25,153,0.1932,2.1893,4.24,11.33,643,443
26,154,0.1106,2.6695,2.83,24.13,1110,420
26,155,0.1106,2.5929,2.83,23.43,1092,400
26,156,0.1106,2.1402,4.24,19.34,1081,398
26,157,0.1106,2.0707,3.3,18.71,1091,427
26,158,0.1106,1.908,2.83,17.24,1095,413
27,159,0.1657,3.259,2.83,19.66,206,458
27,160,0.1657,2.9316,2.83,17.69,211,440
27,161,0.1657,2.5016,3.3,15.09,219,468
27,162,0.1657,2.8681,2.83,17.3,227,429
27,163,0.1657,3.3502,2.83,20.21,229,454
27,164,0.1657,2.1542,2.83,13.0,222,431
28,165,0.1894,3.6815,3.3,19.44,51,448
28,166,0.1894,3.6266,2.83,19.15,45,422
28,167,0.1894,2.5179,2.83,13.29,34,447
28,168,0.1894,2.7282,2.83,14.41,33,462
28,169,0.1894,2.1179,3.77,11.18,60,466
28,170,0.1894,2.4895,2.83,13.14,36,471
28,171,0.1894,2.3352,2.83,12.33,67,444
28,172,0.1894,2.0543,2.83,10.85,49,479
28,173,0.1894,2.2173,3.3,11.71,62,431
28,174,0.1894,1.9965,2.83,10.54,31,434
29,175,0.193,2.7849,4.24,14.43,1292,434
29,176,0.193,2.8455,2.83,14.75,1251,443
29,177,0.193,2.2694,4.24,11.76,1272,435
29,178,0.193,2.0351,2.83,10.55,1265,470
29,179,0.193,2.061,3.3,10.68,1257,465
29,180,0.193,2.207,2.83,11.44,1268,459
29,181,0.193,1.971,4.24,10.21,1240,437
29,182,0.193,1.4448,3.3,7.49,1260,450
29,183,0.193,1.9304,5.19,10.0,1290,456
30,184,0.1918,3.7152,2.83,19.37,1102,492
30,185,0.1918,2.7502,3.77,14.34,1084,471
30,186,0.1918,2.2059,2.83,11.5,1097,465
30,187,0.1918,2.6165,2.83,13.64,1115,476
31,188,0.2246,3.2466,3.77,14.46,926,492
31,189,0.2246,3.3042,2.83,14.71,925,478
31,190,0.2246,2.261,2.83,10.07,943,478
31,191,0.2246,2.2936,3.3,10.21,923,469
31,192,0.2246,2.9752,2.83,13.25,953,490
31,193,0.2246,1.9817,3.77,8.83,912,503
31,194,0.2246,1.8839,2.83,8.39,912,491
31,195,0.2246,2.0141,2.83,8.97,951,472
32,196,0.1173,3.1486,3.3,26.85,661,511
32,197,0.1173,2.3265,2.83,19.84,657,525
32,198,0.1173,2.2598,2.83,19.27,692,475
32,199,0.1173,1.5679,3.77,13.37,650,533
33,200,0.273,1.8498,6.13,6.78,296,482
33,201,0.273,1.8477,3.77,6.77,309,497
34,202,0.0663,2.3988,2.83,36.18,260,507
34,203,0.0663,2.4465,3.3,36.9,222,520
34,204,0.0663,1.8927,2.83,28.55,265,501
34,205,0.0663,1.7593,5.19,26.53,281,488
34,206,0.0663,2.4196,2.83,36.49,237,540
35,207,0.1983,3.7566,3.3,18.94,1242,527
35,208,0.1983,2.4384,5.66,12.3,1256,515
35,209,0.1983,2.6568,3.77,13.4,1240,509
35,210,0.1983,2.5976,3.77,13.1,1280,509
35,211,0.1983,2.5614,3.77,12.92,1262,492
35,212,0.1983,2.3221,4.71,11.71,1259,534
36,213,0.2398,3.4412,3.3,14.35,87,550
36,214,0.2398,3.3241,3.77,13.86,83,567
36,215,0.2398,2.9868,3.77,12.45,105,552
36,216,0.2398,1.9921,3.77,8.31,67,576
37,217,0.0841,3.1404,2.83,37.32,1145,570
37,218,0.0841,3.0899,2.83,36.72,1111,593
37,219,0.0841,2.2007,5.19,26.15,1125,581
37,220,0.0841,2.2012,4.24,26.16,1109,548
37,221,0.0841,2.3438,3.3,27.85,1129,621
37,222,0.0841,2.3265,4.24,27.65,1107,574
37,223,0.0841,1.2472,5.66,14.82,1138,596
37,224,0.0841,2.1474,2.83,25.52,1124,567
37,225,0.0841,1.8621,2.83,22.13,1101,605
38,226,0.2524,2.7973,2.83,11.08,969,560
38,227,0.2524,3.1584,2.83,12.51,955,558
38,228,0.2524,2.6788,2.83,10.61,993,570
38,229,0.2524,2.6587,2.83,10.53,973,572
38,230,0.2524,2.5729,4.24,10.19,979,571
39,231,0.1962,3.456,2.83,17.61,481,590
39,232,0.1962,2.6984,2.83,13.75,467,625
39,233,0.1962,1.8608,2.83,9.48,479,577
39,234,0.1962,1.8023,3.3,9.19,443,592
39,235,0.1962,1.9271,2.83,9.82,455,584
39,236,0.1962,2.4433,2.83,12.45,450,613
40,237,0.1057,3.3654,3.3,31.83,285,670
40,238,0.1057,2.4529,4.71,23.2,316,684
40,239,0.1057,2.4852,4.24,23.5,313,655
40,240,0.1057,2.3162,2.83,21.9,305,666
40,241,0.1057,2.9225,2.83,27.64,300,636
40,242,0.1057,2.1692,3.77,20.51,265,635
40,243,0.1057,2.2918,2.83,21.67,310,622
40,244,0.1057,2.1937,2.83,20.75,285,702
40,245,0.1057,2.3661,4.24,22.38,323,669
40,246,0.1057,2.1944,3.77,20.75,317,596
40,247,0.1057,2.3534,2.83,22.26,278,641
40,248,0.1057,2.2187,3.3,20.98,268,689
40,249,0.1057,2.082,4.24,19.69,352,635
40,250,0.1057,1.9542,3.3,18.48,328,712
40,251,0.1057,1.955,2.83,18.49,305,641
40,252,0.1057,1.7248,2.83,16.31,298,671
40,253,0.1057,1.8242,2.83,17.25,328,654
41,254,0.1972,2.5587,3.3,12.98,788,635
41,255,0.1972,2.6795,3.3,13.59,799,616
41,256,0.1972,2.9141,2.83,14.78,792,647
41,257,0.1972,2.6162,2.83,13.27,818,627
41,258,0.1972,2.0417,3.3,10.35,803,637
41,259,0.1972,1.8399,3.77,9.33,768,628
42,260,0.1718,2.9696,2.83,17.28,1135,646
42,261,0.1718,2.6446,2.83,15.39,1135,629
42,262,0.1718,2.5964,2.83,15.11,1147,633
42,263,0.1718,2.6559,3.77,15.46,1167,640
42,264,0.1718,2.2127,3.77,12.88,1184,658
42,265,0.1718,2.2734,2.83,13.23,1152,649
43,266,0.1809,5.8309,2.83,32.24,0,676
43,267,0.1809,2.8742,2.83,15.89,20,668
43,268,0.1809,2.4215,2.83,13.39,15,676
43,269,0.1809,1.7414,3.77,9.63,34,651
43,270,0.1809,1.5053,4.24,8.32,33,666
43,271,0.1809,1.4746,2.83,8.15,5,655
44,272,0.1394,3.8333,3.3,27.5,865,683
44,273,0.1394,2.3139,3.3,16.6,877,691
44,274,0.1394,1.9515,3.3,14.0,828,681
45,275,0.0835,2.9481,3.77,35.3,631,686
46,276,0.1199,3.7121,2.83,30.96,469,725
46,277,0.1199,3.4942,3.3,29.14,471,690
46,278,0.1199,2.9134,3.3,24.3,487,732
46,279,0.1199,2.292,2.83,19.11,478,719
46,280,0.1199,2.493,2.83,20.79,489,719
46,281,0.1199,2.805,3.3,23.39,502,704
46,282,0.1199,2.5886,5.66,21.59,453,691
46,283,0.1199,2.5616,3.3,21.36,496,689
46,284,0.1199,1.9744,3.77,16.47,466,716
46,285,0.1199,1.6311,2.83,13.6,487,705
47,286,0.0938,3.3228,2.83,35.41,268,748
47,287,0.0938,3.0168,3.3,32.15,245,711
47,288,0.0938,3.2435,2.83,34.57,226,749
47,289,0.0938,2.8428,2.83,30.29,252,696
47,290,0.0938,2.6515,4.71,28.26,252,747
47,291,0.0938,2.9552,3.3,31.49,199,758
47,292,0.0938,2.2832,3.77,24.33,235,726
47,293,0.0938,2.0443,2.83,21.79,252,710
47,294,0.0938,1.656,4.71,17.65,235,771
47,295,0.0938,2.0949,2.83,22.33,274,717
48,296,0.1954,2.8451,3.3,14.56,1108,761
48,297,0.1954,2.3066,2.83,11.8,1131,762
48,298,0.1954,2.5795,3.3,13.2,1096,727
48,299,0.1954,2.5277,2.83,12.93,1081,724
48,300,0.1954,2.4772,2.83,12.67,1122,768
48,301,0.1954,2.3571,2.83,12.06,1084,739
48,302,0.1954,1.5256,4.24,7.81,1128,753
48,303,0.1954,1.883,2.83,9.63,1124,776
49,304,0.1438,3.3715,3.3,23.44,622,752
49,305,0.1438,3.1082,3.3,21.61,642,742
49,306,0.1438,1.9137,3.3,13.31,629,738
49,307,0.1438,2.1256,3.3,14.78,633,773
49,308,0.1438,2.1043,3.77,14.63,646,770
49,309,0.1438,1.413,2.83,9.82,638,760
49,310,0.1438,1.5906,2.83,11.06,652,737
50,311,0.1723,2.2145,4.24,12.85,992,777
50,312,0.1723,1.7626,7.07,10.23,1019,787
51,313,0.237,3.8525,3.3,16.25,1221,851
51,314,0.237,3.3105,2.83,13.97,1247,853
51,315,0.237,2.4334,3.3,10.27,1232,838
51,316,0.237,2.4255,2.83,10.23,1261,832
52,317,0.2438,3.3355,2.83,13.68,724,845
52,318,0.2438,2.7097,2.83,11.11,683,868
52,319,0.2438,2.4813,2.83,10.18,698,876
52,320,0.2438,2.4898,2.83,10.21,701,861
52,321,0.2438,2.0502,2.83,8.41,694,854
52,322,0.2438,2.2868,2.83,9.38,713,862
53,323,0.0894,2.3178,2.83,25.93,577,903
53,324,0.0894,2.3031,4.24,25.77,598,887
53,325,0.0894,2.3243,2.83,26.0,566,915
53,326,0.0894,2.1158,2.83,23.67,569,895
53,327,0.0894,2.2534,2.83,25.21,556,912
53,328,0.0894,3.1791,2.83,35.57,559,874
53,329,0.0894,1.9266,2.83,21.55,586,890
53,330,0.0894,1.3177,4.71,14.74,550,894
53,331,0.0894,2.6152,2.83,29.26,545,878
53,332,0.0894,2.5344,2.83,28.35,563,901
53,333,0.0894,1.957,2.83,21.89,571,885
53,334,0.0894,1.7631,2.83,19.73,575,876
53,335,0.0894,2.026,4.24,22.67,588,875
54,336,0.1699,3.1238,2.83,18.39,408,903
54,337,0.1699,2.8678,2.83,16.88,420,923
54,338,0.1699,2.6874,3.3,15.82,431,926
54,339,0.1699,2.2475,3.3,13.23,399,911
54,340,0.1699,2.0499,4.24,12.07,418,883
54,341,0.1699,1.7725,3.77,10.44,434,888
55,342,0.1884,3.1387,4.24,16.66,522,948
56,343,0.2463,2.195,3.77,8.91,210,936
57,344,0.1951,2.3974,2.83,12.29,1147,956
57,345,0.1951,2.4119,2.83,12.36,1148,966
57,346,0.1951,2.1414,2.83,10.98,1180,965
57,347,0.1951,2.354,2.83,12.07,1110,966
57,348,0.1951,2.4465,2.83,12.54,1110,956
57,349,0.1951,2.3935,2.83,12.27,1179,956
57,350,0.1951,2.5832,2.83,13.24,1111,950
57,351,0.1951,2.1915,2.83,11.23,1133,963
57,352,0.1951,1.9839,2.83,10.17,1156,966
57,353,0.1951,1.812,2.83,9.29,1171,966
57,354,0.1951,1.8412,2.83,9.44,1163,966
57,355,0.1951,2.2449,2.83,11.51,1133,954
57,356,0.1951,2.0074,2.83,10.29,1164,956
57,357,0.1951,2.3002,2.83,11.79,1130,950
57,358,0.1951,1.8209,2.83,9.33,1124,953
